UserID,ItemID,Rating,MusicCategory
1001,715,2,8
1001,267,4,4
1001,294,2,10
1001,259,4,3
1001,674,2,4
1001,674,2,4
1001,259,4,3
1001,715,2,8
1001,285,4,8
1001,279,2,7
1001,754,2,8
1001,694,4,8
1001,251,2,1
1001,279,2,7
1001,267,4,4
1001,285,4,8
1001,279,4,7
1001,285,4,8
1001,754,2,8
1001,715,3,8
1001,694,0,8
1001,294,2,10
1001,251,3,1
1001,251,2,1
1001,294,4,10
1001,674,3,4
1001,267,4,4
1001,694,4,8
1001,754,2,8
1001,259,4,3
1001,259,1,3
1001,694,5,8
1001,267,4,4
1001,251,2,1
1001,715,1,8
1001,285,4,8
1001,674,4,4
1001,294,2,10
1001,279,4,7
1001,754,2,8
1002,279,1,7
1002,250,1,1
1002,702,3,8
1002,714,1,5
1002,762,3,4
1002,275,3,6
1002,295,5,10
1002,757,1,8
1002,727,1,8
1002,715,5,8
1002,256,1,2
1002,702,4,8
1002,726,4,8
1002,730,3,8
1002,715,3,8
1002,251,3,1
1002,762,1,4
1002,718,1,8
1002,256,1,2
1002,745,2,4
1002,263,5,4
1002,757,1,8
1002,295,2,10
1002,732,1,8
1002,718,1,8
1002,683,3,8
1002,751,3,8
1002,250,1,1
1002,718,2,8
1002,757,1,8
1002,732,1,8
1002,751,1,8
1002,719,1,8
1002,716,1,8
1002,745,5,4
1002,714,1,5
1002,295,4,10
1002,737,1,8
1002,275,2,6
1002,273,2,6
1002,676,2,8
1002,251,3,1
1002,683,4,8
1002,737,1,8
1002,730,3,8
1002,716,2,8
1002,727,2,8
1002,714,3,5
1002,250,2,1
1002,279,1,7
1002,760,4,10
1002,748,1,8
1002,702,3,8
1002,676,1,8
1002,748,1,8
1002,744,1,8
1002,760,5,10
1002,279,1,7
1002,744,2,8
1002,273,1,6
1002,676,1,8
1002,716,1,8
1002,263,5,4
1002,715,4,8
1002,751,2,8
1002,273,1,6
1002,743,2,8
1002,256,1,2
1002,748,1,8
1002,719,1,8
1002,737,1,8
1002,726,3,8
1002,690,1,8
1002,744,1,8
1002,732,1,8
1002,251,3,1
1002,743,1,8
1002,263,5,4
1002,745,4,4
1002,719,1,8
1002,683,4,8
1002,727,1,8
1002,743,1,8
1002,275,1,6
1002,726,4,8
1002,690,1,8
1002,760,5,10
1002,730,1,8
1002,762,1,4
1002,690,1,8
1002,714,1,5
1002,256,1,2
1002,748,1,8
1002,719,1,8
1002,715,4,8
1002,745,3,4
1002,762,3,4
1002,279,1,7
1002,273,1,6
1002,250,1,1
1002,718,1,8
1002,251,2,1
1002,743,1,8
1002,275,2,6
1002,744,2,8
1002,751,2,8
1002,760,4,10
1002,730,2,8
1002,690,1,8
1002,263,4,4
1002,727,1,8
1002,716,1,8
1002,683,4,8
1002,737,1,8
1002,732,1,8
1002,757,1,8
1002,702,3,8
1002,676,2,8
1002,726,3,8
1002,295,4,10
1003,736,1,8
1003,269,1,5
1003,757,3,8
1003,296,2,10
1003,711,1,4
1003,269,2,5
1003,757,3,8
1003,741,1,8
1003,759,1,8
1003,762,2,4
1003,257,1,2
1003,257,2,2
1003,739,2,8
1003,257,1,2
1003,296,2,10
1003,736,1,8
1003,757,2,8
1003,271,2,5
1003,739,2,8
1003,296,2,10
1003,271,3,5
1003,676,3,8
1003,759,2,8
1003,676,2,8
1003,741,2,8
1003,759,1,8
1003,736,1,8
1003,271,1,5
1003,762,1,4
1003,711,1,4
1003,739,1,8
1003,711,1,4
1003,269,2,5
1003,762,1,4
1003,676,2,8
1003,741,1,8
1003,711,1,4
1003,757,3,8
1003,269,2,5
1003,759,2,8
1003,762,2,4
1003,741,1,8
1003,676,3,8
1003,296,2,10
1003,736,2,8
1003,257,2,2
1003,271,2,5
1003,739,2,8
1004,266,5,4
1004,741,1,8
1004,741,1,8
1004,741,1,8
1004,266,4,4
1004,256,1,2
1004,735,1,8
1004,701,1,8
1004,256,1,2
1004,701,3,8
1004,256,1,2
1004,735,2,8
1004,701,3,8
1004,735,1,8
1004,266,3,4
1004,256,1,2
1004,266,4,4
1004,741,1,8
1004,735,2,8
1004,701,3,8
1005,747,2,8
1005,269,2,5
1005,747,1,8
1005,273,3,6
1005,732,3,8
1005,748,2,8
1005,279,2,7
1005,264,1,4
1005,700,1,8
1005,721,1,8
1005,279,1,7
1005,708,1,4
1005,758,2,8
1005,250,1,1
1005,263,5,4
1005,269,2,5
1005,279,2,7
1005,676,4,8
1005,708,5,4
1005,273,4,6
1005,251,1,1
1005,250,3,1
1005,700,1,8
1005,687,2,8
1005,287,5,8
1005,262,4,3
1005,732,3,8
1005,700,3,8
1005,264,4,4
1005,262,1,3
1005,708,5,4
1005,262,2,3
1005,250,1,1
1005,748,3,8
1005,687,2,8
1005,287,5,8
1005,264,2,4
1005,287,5,8
1005,748,4,8
1005,707,3,10
1005,758,4,8
1005,263,5,4
1005,737,2,8
1005,677,3,8
1005,732,4,8
1005,721,2,8
1005,677,2,8
1005,707,2,10
1005,747,1,8
1005,721,3,8
1005,269,1,5
1005,758,3,8
1005,251,1,1
1005,251,1,1
1005,737,3,8
1005,707,4,10
1005,676,4,8
1005,677,4,8
1005,263,4,4
1005,273,2,6
1005,687,2,8
1005,676,3,8
1005,737,2,8
1005,732,3,8
1005,273,3,6
1005,269,3,5
1005,687,3,8
1005,748,4,8
1005,707,4,10
1005,287,5,8
1005,700,0,8
1005,279,2,7
1005,708,5,4
1005,677,5,8
1005,263,5,4
1005,250,1,1
1005,758,4,8
1005,676,4,8
1005,251,1,1
1005,737,3,8
1005,264,3,4
1005,747,2,8
1005,262,2,3
1005,721,3,8
1006,679,3,8
1006,270,2,5
1006,282,1,7
1006,678,1,8
1006,701,3,8
1006,736,4,8
1006,286,2,8
1006,696,2,8
1006,743,2,8
1006,271,1,5
1006,261,1,3
1006,272,1,5
1006,250,3,1
1006,699,1,8
1006,697,2,8
1006,253,3,2
1006,727,1,8
1006,714,3,5
1006,276,2,6
1006,256,4,2
1006,268,2,5
1006,691,3,4
1006,251,1,1
1006,260,3,3
1006,267,3,4
1006,256,4,2
1006,264,4,4
1006,758,1,8
1006,708,3,4
1006,681,3,8
1006,689,4,8
1006,272,1,5
1006,709,2,8
1006,295,3,10
1006,251,1,1
1006,727,1,8
1006,678,1,8
1006,693,1,8
1006,285,1,8
1006,714,2,5
1006,252,3,1
1006,716,1,8
1006,754,5,8
1006,711,1,4
1006,735,2,8
1006,725,4,8
1006,694,1,8
1006,689,2,8
1006,719,3,8
1006,253,2,2
1006,682,1,8
1006,280,1,7
1006,260,3,3
1006,683,2,8
1006,680,3,8
1006,734,1,8
1006,729,1,5
1006,696,4,8
1006,287,1,8
1006,694,1,8
1006,249,4,1
1006,692,1,8
1006,699,1,8
1006,251,1,1
1006,723,1,8
1006,267,2,4
1006,686,4,8
1006,675,2,8
1006,754,4,8
1006,266,5,4
1006,248,4,1
1006,297,2,10
1006,760,4,10
1006,752,1,8
1006,272,1,5
1006,728,1,8
1006,683,5,8
1006,268,1,5
1006,254,1,2
1006,269,2,5
1006,715,1,8
1006,248,2,1
1006,745,4,4
1006,252,4,1
1006,264,5,4
1006,269,4,5
1006,741,3,8
1006,756,1,4
1006,271,1,5
1006,278,1,7
1006,297,3,10
1006,691,2,4
1006,293,4,10
1006,279,1,7
1006,282,1,7
1006,273,5,6
1006,674,2,4
1006,729,1,5
1006,735,2,8
1006,287,1,8
1006,710,1,8
1006,703,4,8
1006,752,1,8
1006,761,1,8
1006,712,2,8
1006,709,1,8
1006,714,1,5
1006,282,1,7
1006,693,1,8
1006,273,5,6
1006,748,1,8
1006,681,3,8
1006,743,2,8
1006,754,4,8
1006,263,4,4
1006,718,1,8
1006,250,4,1
1006,732,2,8
1006,277,4,6
1006,280,2,7
1006,676,4,8
1006,276,1,6
1006,273,4,6
1006,758,1,8
1006,708,2,4
1006,734,1,8
1006,736,3,8
1006,759,4,8
1006,695,4,8
1006,743,2,8
1006,756,1,4
1006,263,3,4
1006,748,1,8
1006,753,3,8
1006,270,4,5
1006,296,3,10
1006,717,1,8
1006,278,1,7
1006,287,2,8
1006,297,3,10
1006,261,3,3
1006,691,2,4
1006,761,1,8
1006,730,2,8
1006,687,3,8
1006,728,1,8
1006,294,2,10
1006,280,1,7
1006,678,1,8
1006,753,4,8
1006,715,3,8
1006,278,3,7
1006,723,1,8
1006,264,5,4
1006,291,3,9
1006,674,2,4
1006,681,3,8
1006,694,1,8
1006,712,3,8
1006,295,4,10
1006,757,1,8
1006,675,3,8
1006,256,2,2
1006,268,2,5
1006,758,1,8
1006,254,2,2
1006,695,3,8
1006,732,2,8
1006,705,1,8
1006,723,1,8
1006,693,1,8
1006,291,4,9
1006,286,4,8
1006,269,4,5
1006,740,1,8
1006,266,4,4
1006,719,4,8
1006,752,1,8
1006,739,3,8
1006,296,2,10
1006,710,1,8
1006,717,1,8
1006,293,2,10
1006,724,1,8
1006,294,1,10
1006,252,2,1
1006,741,4,8
1006,696,4,8
1006,735,4,8
1006,740,1,8
1006,715,1,8
1006,703,2,8
1006,248,5,1
1006,760,2,10
1006,705,1,8
1006,279,1,7
1006,697,2,8
1006,748,1,8
1006,733,1,8
1006,293,4,10
1006,692,1,8
1006,682,1,8
1006,285,1,8
1006,733,1,8
1006,679,4,8
1006,710,2,8
1006,271,1,5
1006,249,2,1
1006,718,1,8
1006,250,2,1
1006,728,1,8
1006,277,2,6
1006,253,3,2
1006,704,1,8
1006,739,2,8
1006,259,1,3
1006,254,2,2
1006,734,1,8
1006,736,3,8
1006,695,4,8
1006,674,3,4
1006,712,2,8
1006,279,1,7
1006,732,3,8
1006,686,2,8
1006,729,1,5
1006,286,4,8
1006,711,2,4
1006,266,4,4
1006,261,4,3
1006,761,1,8
1006,699,1,8
1006,277,2,6
1006,687,2,8
1006,697,3,8
1006,262,2,3
1006,757,1,8
1006,267,3,4
1006,745,3,4
1006,759,2,8
1006,753,4,8
1006,249,4,1
1006,724,2,8
1006,262,3,3
1006,260,2,3
1006,686,3,8
1006,259,2,3
1006,276,1,6
1006,680,3,8
1006,711,2,4
1006,270,2,5
1006,725,2,8
1006,718,1,8
1006,692,2,8
1006,709,3,8
1006,745,2,4
1006,704,1,8
1006,676,2,8
1006,683,3,8
1006,741,4,8
1006,680,0,8
1006,716,1,8
1006,701,2,8
1006,756,1,4
1006,725,3,8
1006,740,1,8
1006,296,1,10
1006,703,3,8
1006,263,4,4
1006,689,4,8
1006,717,3,8
1006,760,4,10
1006,719,3,8
1006,730,1,8
1006,687,4,8
1006,262,2,3
1006,682,1,8
1006,295,2,10
1006,757,1,8
1006,294,1,10
1006,676,4,8
1006,291,5,9
1006,708,4,4
1006,716,2,8
1006,701,2,8
1006,679,4,8
1006,759,2,8
1006,733,2,8
1006,730,3,8
1006,724,1,8
1006,705,1,8
1006,727,1,8
1006,739,4,8
1006,259,1,3
1006,285,2,8
1006,704,1,8
1006,675,4,8
1006,269,4,5
1006,679,2,8
1006,256,3,2
1006,264,4,4
1006,680,3,8
1006,268,2,5
1006,291,4,9
1006,758,1,8
1006,708,3,4
1006,254,2,2
1006,734,1,8
1006,716,2,8
1006,759,3,8
1006,741,3,8
1006,695,3,8
1006,681,3,8
1006,743,2,8
1006,273,4,6
1006,733,2,8
1006,729,2,5
1006,736,3,8
1006,263,4,4
1006,748,1,8
1006,286,3,8
1006,701,3,8
1006,696,4,8
1006,754,4,8
1006,711,2,4
1006,753,4,8
1006,735,3,8
1006,270,4,5
1006,725,2,8
1006,740,1,8
1006,296,2,10
1006,715,2,8
1006,756,1,4
1006,266,4,4
1006,674,2,4
1006,271,1,5
1006,710,2,8
1006,689,4,8
1006,248,4,1
1006,717,2,8
1006,703,3,8
1006,287,2,8
1006,278,1,7
1006,694,1,8
1006,297,3,10
1006,261,4,3
1006,760,3,10
1006,249,4,1
1006,719,3,8
1006,691,2,4
1006,718,1,8
1006,752,1,8
1006,761,1,8
1006,272,1,5
1006,730,2,8
1006,293,3,10
1006,712,2,8
1006,692,1,8
1006,250,4,1
1006,699,1,8
1006,727,1,8
1006,697,1,8
1006,687,2,8
1006,253,3,2
1006,732,3,8
1006,682,1,8
1006,724,2,8
1006,277,3,6
1006,262,3,3
1006,728,1,8
1006,705,1,8
1006,709,2,8
1006,295,3,10
1006,723,1,8
1006,279,1,7
1006,251,1,1
1006,259,2,3
1006,704,1,8
1006,714,2,5
1006,294,2,10
1006,260,3,3
1006,693,1,8
1006,686,4,8
1006,757,1,8
1006,267,3,4
1006,280,2,7
1006,678,1,8
1006,745,4,4
1006,282,1,7
1006,285,2,8
1006,739,3,8
1006,276,1,6
1006,252,4,1
1006,675,2,8
1006,683,4,8
1006,676,2,8
1007,739,4,8
1007,686,1,8
1007,714,2,5
1007,256,1,2
1007,266,5,4
1007,266,4,4
1007,714,1,5
1007,256,1,2
1007,260,4,3
1007,256,1,2
1007,714,4,5
1007,266,4,4
1007,686,2,8
1007,260,3,3
1007,686,1,8
1007,739,2,8
1007,260,4,3
1007,739,3,8
1007,266,3,4
1007,714,3,5
1007,686,1,8
1007,260,5,3
1007,739,3,8
1007,256,1,2
1008,295,2,10
1008,693,2,8
1008,291,2,9
1008,711,1,4
1008,761,1,8
1008,750,0,8
1008,684,1,8
1008,264,1,4
1008,693,1,8
1008,285,1,8
1008,281,2,7
1008,283,2,8
1008,261,1,3
1008,711,1,4
1008,255,3,2
1008,750,1,8
1008,274,1,6
1008,689,5,8
1008,691,1,4
1008,727,2,8
1008,270,1,5
1008,255,0,2
1008,759,0,8
1008,264,2,4
1008,291,3,9
1008,273,1,6
1008,750,0,8
1008,281,4,7
1008,295,0,10
1008,270,2,5
1008,761,2,8
1008,721,1,8
1008,691,1,4
1008,283,4,8
1008,721,1,8
1008,739,1,8
1008,255,0,2
1008,264,2,4
1008,739,1,8
1008,701,1,8
1008,281,1,7
1008,295,1,10
1008,273,2,6
1008,291,3,9
1008,261,3,3
1008,684,3,8
1008,746,4,8
1008,701,1,8
1008,273,0,6
1008,727,1,8
1008,285,1,8
1008,691,1,4
1008,721,1,8
1008,695,1,8
1008,746,3,8
1008,727,2,8
1008,689,4,8
1008,711,1,4
1008,274,1,6
1008,746,4,8
1008,695,1,8
1008,701,1,8
1008,759,2,8
1008,270,1,5
1008,693,1,8
1008,283,3,8
1008,684,1,8
1008,761,1,8
1008,285,1,8
1008,695,1,8
1008,759,0,8
1008,739,1,8
1008,261,3,3
1008,689,4,8
1008,274,2,6
1008,750,0,8
1008,759,1,8
1008,255,3,2
1008,295,3,10
1008,273,0,6
1008,746,3,8
1008,261,2,3
1008,285,1,8
1008,684,2,8
1008,689,4,8
1008,701,1,8
1008,270,2,5
1008,761,1,8
1008,739,1,8
1008,283,4,8
1008,727,2,8
1008,274,1,6
1008,291,3,9
1008,691,1,4
1008,281,3,7
1008,695,1,8
1008,711,1,4
1008,721,1,8
1008,693,1,8
1008,264,2,4
1009,286,3,8
1009,276,4,6
1009,277,4,6
1009,262,5,3
1009,743,2,8
1009,706,3,8
1009,679,2,8
1009,762,1,4
1009,754,2,8
1009,701,1,8
1009,292,3,9
1009,282,1,7
1009,293,1,10
1009,251,5,1
1009,684,2,8
1009,740,2,8
1009,676,1,8
1009,283,2,8
1009,251,4,1
1009,741,2,8
1009,291,3,9
1009,288,2,9
1009,263,3,4
1009,250,4,1
1009,270,1,5
1009,249,4,1
1009,273,5,6
1009,713,1,8
1009,684,3,8
1009,741,2,8
1009,288,3,9
1009,281,1,7
1009,249,5,1
1009,724,2,8
1009,715,1,8
1009,273,4,6
1009,714,1,5
1009,680,1,8
1009,752,1,8
1009,707,1,10
1009,692,1,8
1009,739,1,8
1009,283,2,8
1009,724,3,8
1009,676,1,8
1009,740,1,8
1009,714,1,5
1009,253,5,2
1009,292,3,9
1009,267,3,4
1009,286,2,8
1009,274,4,6
1009,751,2,8
1009,278,1,7
1009,285,2,8
1009,267,2,4
1009,266,2,4
1009,268,1,5
1009,271,1,5
1009,270,1,5
1009,249,4,1
1009,253,4,2
1009,689,1,8
1009,274,4,6
1009,267,3,4
1009,254,5,2
1009,749,3,4
1009,269,2,5
1009,678,2,8
1009,255,4,2
1009,273,5,6
1009,732,1,8
1009,286,1,8
1009,274,3,6
1009,274,4,6
1009,262,3,3
1009,269,2,5
1009,715,1,8
1009,255,3,2
1009,684,3,8
1009,690,2,8
1009,291,3,9
1009,271,1,5
1009,270,1,5
1009,751,3,8
1009,715,1,8
1009,706,3,8
1009,697,2,8
1009,759,1,8
1009,725,1,8
1009,716,1,8
1009,292,3,9
1009,272,2,5
1009,293,1,10
1009,293,1,10
1009,274,5,6
1009,724,2,8
1009,690,2,8
1009,743,1,8
1009,296,1,10
1009,707,1,10
1009,692,2,8
1009,282,2,7
1009,284,2,8
1009,294,3,10
1009,263,4,4
1009,679,3,8
1009,255,4,2
1009,296,1,10
1009,253,5,2
1009,752,2,8
1009,263,3,4
1009,271,2,5
1009,717,1,8
1009,740,1,8
1009,278,1,7
1009,733,3,8
1009,748,1,8
1009,293,2,10
1009,691,1,4
1009,713,1,8
1009,296,1,10
1009,731,1,8
1009,739,1,8
1009,272,2,5
1009,268,2,5
1009,691,1,4
1009,754,2,8
1009,690,2,8
1009,748,1,8
1009,289,4,9
1009,276,5,6
1009,277,3,6
1009,717,1,8
1009,676,1,8
1009,739,1,8
1009,291,3,9
1009,254,5,2
1009,281,1,7
1009,713,1,8
1009,697,2,8
1009,716,1,8
1009,283,3,8
1009,254,5,2
1009,728,1,8
1009,678,3,8
1009,751,2,8
1009,701,1,8
1009,293,3,10
1009,686,1,8
1009,748,1,8
1009,731,1,8
1009,294,1,10
1009,272,2,5
1009,259,2,3
1009,267,3,4
1009,266,0,4
1009,250,3,1
1009,717,1,8
1009,743,1,8
1009,714,1,5
1009,762,1,4
1009,733,3,8
1009,251,4,1
1009,686,1,8
1009,293,1,10
1009,266,2,4
1009,749,3,4
1009,762,1,4
1009,706,3,8
1009,716,1,8
1009,692,1,8
1009,284,1,8
1009,291,4,9
1009,250,4,1
1009,728,1,8
1009,678,2,8
1009,731,1,8
1009,759,1,8
1009,278,1,7
1009,689,1,8
1009,285,1,8
1009,267,4,4
1009,282,2,7
1009,289,4,9
1009,259,3,3
1009,276,4,6
1009,288,3,9
1009,274,5,6
1009,262,5,3
1009,281,1,7
1009,725,1,8
1009,733,3,8
1009,741,2,8
1009,707,1,10
1009,285,2,8
1009,284,3,8
1009,289,3,9
1009,267,4,4
1009,269,2,5
1009,697,3,8
1009,759,1,8
1009,680,3,8
1009,689,2,8
1009,732,1,8
1009,291,3,9
1009,291,3,9
1009,294,2,10
1009,259,3,3
1009,268,3,5
1009,277,3,6
1009,728,1,8
1009,749,4,4
1009,691,1,4
1009,686,1,8
1009,701,1,8
1009,680,2,8
1009,754,3,8
1009,725,1,8
1009,679,2,8
1009,752,2,8
1009,732,1,8
1009,292,2,9
1009,267,3,4
1009,282,1,7
1009,284,2,8
1009,291,3,9
1009,289,3,9
1009,291,3,9
1009,286,2,8
1009,294,2,10
1009,272,2,5
1009,274,4,6
1009,293,2,10
1009,259,2,3
1009,293,2,10
1009,276,4,6
1009,267,3,4
1009,288,2,9
1009,263,3,4
1009,266,2,4
1009,283,2,8
1009,268,2,5
1009,254,5,2
1009,274,4,6
1009,277,4,6
1009,271,2,5
1009,262,4,3
1009,281,1,7
1009,250,4,1
1009,728,1,8
1009,749,3,4
1009,269,2,5
1009,270,1,5
1009,249,4,1
1009,717,1,8
1009,691,1,4
1009,678,2,8
1009,724,2,8
1009,731,1,8
1009,706,3,8
1009,748,1,8
1009,740,1,8
1009,754,2,8
1009,679,2,8
1009,701,1,8
1009,680,2,8
1009,251,4,1
1009,686,1,8
1009,690,2,8
1009,676,1,8
1009,743,2,8
1009,715,1,8
1009,273,5,6
1009,713,1,8
1009,759,1,8
1009,725,2,8
1009,762,1,4
1009,278,1,7
1009,296,2,10
1009,684,2,8
1009,253,5,2
1009,733,3,8
1009,751,2,8
1009,714,1,5
1009,255,4,2
1009,697,2,8
1009,741,2,8
1009,752,1,8
1009,716,1,8
1009,689,2,8
1009,707,1,10
1009,692,2,8
1009,739,1,8
1009,285,2,8
1009,732,1,8
1010,734,2,8
1010,286,1,8
1010,740,1,8
1010,249,2,1
1010,731,1,8
1010,249,3,1
1010,730,2,8
1010,729,3,5
1010,257,3,2
1010,730,2,8
1010,730,2,8
1010,713,3,8
1010,729,4,5
1010,257,3,2
1010,734,2,8
1010,731,1,8
1010,734,2,8
1010,257,4,2
1010,740,3,8
1010,249,2,1
1010,713,1,8
1010,286,3,8
1010,755,3,8
1010,731,1,8
1010,755,1,8
1010,286,2,8
1010,713,4,8
1010,755,2,8
1010,740,2,8
1010,729,3,5
1010,729,2,5
1010,286,2,8
1010,713,2,8
1010,257,0,2
1010,740,1,8
1010,249,3,1
1010,730,3,8
1010,755,1,8
1010,734,1,8
1010,731,1,8
1011,694,2,8
1011,686,4,8
1011,694,4,8
1011,263,3,4
1011,248,4,1
1011,252,1,1
1011,686,4,8
1011,263,3,4
1011,248,4,1
1011,252,3,1
1011,248,3,1
1011,686,3,8
1011,252,4,1
1011,694,2,8
1011,263,4,4
1011,252,4,1
1011,686,2,8
1011,694,2,8
1011,263,3,4
1011,248,4,1
1012,677,5,8
1012,750,5,8
1012,733,1,8
1012,679,1,8
1012,254,3,2
1012,758,1,8
1012,762,1,4
1012,249,1,1
1012,295,3,10
1012,271,1,5
1012,698,1,8
1012,263,2,4
1012,743,1,8
1012,253,3,2
1012,292,4,9
1012,277,3,6
1012,274,3,6
1012,709,1,8
1012,263,3,4
1012,746,5,8
1012,706,3,8
1012,286,4,8
1012,747,1,8
1012,293,1,10
1012,280,1,7
1012,690,1,8
1012,283,3,8
1012,716,1,8
1012,733,1,8
1012,293,1,10
1012,744,1,8
1012,754,1,8
1012,266,1,4
1012,707,3,10
1012,693,1,8
1012,295,3,10
1012,708,2,4
1012,674,1,4
1012,756,2,4
1012,718,1,8
1012,273,3,6
1012,267,1,4
1012,707,3,10
1012,701,1,8
1012,253,2,2
1012,762,1,4
1012,286,5,8
1012,720,4,8
1012,721,1,8
1012,254,4,2
1012,282,1,7
1012,280,1,7
1012,698,1,8
1012,729,1,5
1012,674,1,4
1012,719,3,8
1012,251,1,1
1012,265,3,4
1012,282,1,7
1012,280,1,7
1012,762,1,4
1012,249,1,1
1012,746,5,8
1012,251,1,1
1012,271,2,5
1012,719,3,8
1012,677,5,8
1012,272,3,5
1012,290,4,9
1012,273,3,6
1012,271,2,5
1012,759,1,8
1012,713,1,8
1012,731,1,8
1012,757,1,8
1012,255,3,2
1012,258,4,3
1012,722,1,8
1012,272,3,5
1012,283,4,8
1012,713,1,8
1012,752,3,8
1012,759,1,8
1012,255,3,2
1012,256,1,2
1012,719,3,8
1012,740,1,8
1012,274,3,6
1012,686,1,8
1012,759,1,8
1012,263,3,4
1012,283,2,8
1012,275,1,6
1012,720,5,8
1012,746,5,8
1012,682,1,8
1012,760,3,10
1012,721,1,8
1012,708,3,4
1012,295,3,10
1012,279,1,7
1012,284,1,8
1012,736,2,8
1012,682,1,8
1012,760,2,10
1012,258,3,3
1012,277,2,6
1012,722,1,8
1012,756,1,4
1012,265,2,4
1012,266,1,4
1012,279,1,7
1012,725,2,8
1012,686,1,8
1012,720,3,8
1012,747,1,8
1012,728,1,8
1012,691,1,4
1012,290,4,9
1012,750,5,8
1012,718,1,8
1012,686,1,8
1012,254,2,2
1012,707,2,10
1012,716,1,8
1012,736,3,8
1012,267,3,4
1012,747,1,8
1012,731,1,8
1012,760,2,10
1012,679,1,8
1012,741,1,8
1012,754,1,8
1012,752,3,8
1012,693,1,8
1012,255,2,2
1012,253,3,2
1012,744,1,8
1012,722,1,8
1012,713,1,8
1012,290,5,9
1012,706,3,8
1012,677,4,8
1012,709,1,8
1012,275,1,6
1012,758,1,8
1012,676,1,8
1012,249,1,1
1012,744,1,8
1012,756,2,4
1012,267,1,4
1012,691,1,4
1012,690,1,8
1012,725,3,8
1012,709,1,8
1012,682,1,8
1012,256,2,2
1012,293,1,10
1012,292,3,9
1012,750,5,8
1012,718,1,8
1012,251,1,1
1012,279,1,7
1012,736,3,8
1012,676,1,8
1012,273,4,6
1012,693,1,8
1012,743,1,8
1012,691,1,4
1012,706,2,8
1012,757,1,8
1012,729,1,5
1012,731,1,8
1012,256,1,2
1012,292,3,9
1012,272,2,5
1012,690,1,8
1012,282,1,7
1012,741,1,8
1012,284,1,8
1012,284,1,8
1012,728,1,8
1012,266,1,4
1012,733,0,8
1012,701,1,8
1012,741,1,8
1012,754,1,8
1012,286,4,8
1012,708,3,4
1012,258,3,3
1012,277,2,6
1012,701,1,8
1012,676,1,8
1012,716,1,8
1012,275,1,6
1012,265,1,4
1012,740,1,8
1012,274,2,6
1012,674,1,4
1012,729,1,5
1012,757,1,8
1012,721,1,8
1012,728,1,8
1012,758,1,8
1012,752,3,8
1012,698,1,8
1012,743,1,8
1012,679,1,8
1012,740,1,8
1012,725,2,8
1012,708,3,4
1012,249,1,1
1012,747,1,8
1012,682,1,8
1012,720,4,8
1012,731,1,8
1012,253,2,2
1012,674,1,4
1012,746,5,8
1012,729,1,5
1012,706,2,8
1012,757,1,8
1012,762,1,4
1012,286,4,8
1012,255,2,2
1012,256,1,2
1012,293,1,10
1012,760,2,10
1012,258,3,3
1012,719,3,8
1012,292,3,9
1012,744,1,8
1012,677,4,8
1012,277,3,6
1012,750,5,8
1012,722,1,8
1012,721,1,8
1012,756,1,4
1012,272,2,5
1012,718,1,8
1012,271,0,5
1012,707,2,10
1012,709,1,8
1012,716,1,8
1012,698,1,8
1012,759,1,8
1012,679,1,8
1012,741,1,8
1012,691,1,4
1012,752,2,8
1012,693,1,8
1012,263,2,4
1012,713,1,8
1012,275,1,6
1012,743,1,8
1012,725,2,8
1012,733,1,8
1012,284,1,8
1012,740,1,8
1012,701,1,8
1012,736,2,8
1012,290,4,9
1012,754,1,8
1012,758,1,8
1012,274,3,6
1012,295,2,10
1012,267,2,4
1012,686,1,8
1012,282,1,7
1012,283,3,8
1012,280,1,7
1012,676,1,8
1012,251,1,1
1012,690,1,8
1012,273,3,6
1012,279,1,7
1012,254,3,2
1012,728,1,8
1012,265,2,4
1012,266,2,4
1013,755,0,8
1013,761,1,8
1013,755,0,8
1013,761,3,8
1013,761,3,8
1013,755,0,8
1013,755,0,8
1013,761,4,8
1014,731,4,8
1014,277,3,6
1014,752,5,8
1014,689,4,8
1014,294,4,10
1014,735,4,8
1014,689,5,8
1014,277,1,6
1014,728,1,8
1014,757,5,8
1014,735,3,8
1014,742,4,8
1014,268,2,5
1014,277,1,6
1014,275,3,6
1014,268,2,5
1014,728,1,8
1014,279,1,7
1014,268,4,5
1014,294,5,10
1014,757,5,8
1014,690,5,8
1014,279,1,7
1014,735,4,8
1014,679,5,8
1014,728,1,8
1014,275,1,6
1014,690,2,8
1014,285,4,8
1014,731,1,8
1014,690,3,8
1014,679,3,8
1014,689,5,8
1014,731,3,8
1014,294,4,10
1014,752,3,8
1014,285,1,8
1014,275,4,6
1014,279,1,7
1014,742,4,8
1014,679,3,8
1014,742,5,8
1014,752,5,8
1014,757,5,8
1014,285,5,8
1014,275,3,6
1014,735,4,8
1014,690,5,8
1014,742,5,8
1014,728,1,8
1014,757,3,8
1014,285,5,8
1014,294,5,10
1014,752,5,8
1014,268,3,5
1014,679,5,8
1014,279,1,7
1014,731,2,8
1014,689,5,8
1014,277,2,6
1015,706,1,8
1015,733,4,8
1015,733,3,8
1015,259,1,3
1015,259,4,3
1015,683,1,8
1015,683,4,8
1015,675,2,8
1015,733,3,8
1015,683,3,8
1015,675,3,8
1015,706,1,8
1015,675,2,8
1015,259,1,3
1015,706,1,8
1015,259,2,3
1015,675,3,8
1015,683,4,8
1015,733,4,8
1015,706,1,8
1016,256,3,2
1016,262,1,3
1016,250,4,1
1016,744,2,8
1016,279,1,7
1016,744,3,8
1016,279,1,7
1016,256,1,2
1016,279,1,7
1016,262,3,3
1016,250,5,1
1016,262,3,3
1016,256,1,2
1016,250,4,1
1016,744,3,8
1016,279,1,7
1016,250,4,1
1016,256,2,2
1016,744,1,8
1016,262,3,3
1017,700,4,8
1017,700,4,8
1017,700,3,8
1017,700,5,8
1018,728,1,8
1018,704,2,8
1018,687,2,8
1018,255,1,2
1018,711,2,4
1018,728,1,8
1018,733,1,8
1018,711,2,4
1018,732,2,8
1018,684,3,8
1018,288,3,9
1018,721,1,8
1018,686,4,8
1018,733,1,8
1018,687,4,8
1018,728,1,8
1018,700,1,8
1018,709,4,8
1018,686,2,8
1018,684,1,8
1018,721,1,8
1018,698,1,8
1018,705,3,8
1018,709,1,8
1018,705,2,8
1018,255,1,2
1018,732,2,8
1018,700,1,8
1018,255,1,2
1018,698,1,8
1018,721,1,8
1018,687,4,8
1018,684,5,8
1018,288,3,9
1018,709,2,8
1018,733,1,8
1018,704,3,8
1018,711,2,4
1018,698,1,8
1018,705,5,8
1018,700,4,8
1018,704,5,8
1018,732,3,8
1018,288,1,9
1018,686,5,8
1018,721,1,8
1018,700,4,8
1018,705,5,8
1018,728,1,8
1018,709,2,8
1018,711,2,4
1018,687,3,8
1018,704,4,8
1018,288,4,9
1018,698,1,8
1018,686,5,8
1018,255,1,2
1018,684,4,8
1018,733,1,8
1018,732,4,8
1019,736,2,8
1019,270,1,5
1019,703,1,8
1019,759,3,8
1019,754,1,8
1019,292,4,9
1019,677,1,8
1019,695,1,8
1019,254,5,2
1019,280,4,7
1019,249,5,1
1019,261,5,3
1019,679,1,8
1019,752,1,8
1019,293,5,10
1019,264,4,4
1019,710,1,8
1019,259,5,3
1019,753,1,8
1019,749,1,4
1019,287,2,8
1019,760,3,10
1019,714,1,5
1019,258,2,3
1019,751,3,8
1019,693,1,8
1019,750,1,8
1019,279,1,7
1019,730,3,8
1019,762,1,4
1019,291,4,9
1019,702,2,8
1019,295,5,10
1019,729,1,5
1019,276,5,6
1019,285,1,8
1019,254,5,2
1019,283,5,8
1019,685,1,8
1019,271,1,5
1019,294,5,10
1019,250,5,1
1019,695,1,8
1019,743,1,8
1019,751,1,8
1019,745,1,4
1019,275,5,6
1019,274,5,6
1019,250,4,1
1019,709,1,8
1019,277,5,6
1019,692,1,8
1019,735,1,8
1019,271,1,5
1019,291,5,9
1019,255,5,2
1019,725,1,8
1019,690,1,8
1019,718,1,8
1019,749,1,4
1019,680,1,8
1019,690,1,8
1019,290,5,9
1019,682,1,8
1019,707,3,10
1019,743,1,8
1019,251,5,1
1019,726,1,8
1019,734,2,8
1019,732,1,8
1019,265,5,4
1019,249,5,1
1019,739,1,8
1019,760,3,10
1019,259,5,3
1019,282,2,7
1019,260,5,3
1019,254,5,2
1019,727,1,8
1019,725,1,8
1019,756,1,4
1019,268,1,5
1019,722,3,8
1019,719,2,8
1019,256,5,2
1019,736,1,8
1019,282,1,7
1019,685,2,8
1019,708,2,4
1019,705,1,8
1019,724,3,8
1019,293,5,10
1019,687,1,8
1019,733,2,8
1019,742,1,8
1019,738,1,8
1019,694,1,8
1019,693,1,8
1019,283,5,8
1019,679,1,8
1019,675,1,8
1019,707,3,10
1019,699,1,8
1019,728,1,8
1019,269,1,5
1019,253,5,2
1019,729,2,5
1019,727,2,8
1019,287,3,8
1019,677,1,8
1019,254,5,2
1019,280,4,7
1019,258,3,3
1019,248,5,1
1019,262,5,3
1019,749,1,4
1019,731,2,8
1019,689,5,8
1019,682,1,8
1019,273,5,6
1019,755,2,8
1019,675,1,8
1019,272,1,5
1019,276,5,6
1019,758,1,8
1019,706,1,8
1019,294,5,10
1019,263,5,4
1019,691,1,4
1019,746,1,8
1019,710,0,8
1019,258,4,3
1019,291,4,9
1019,282,4,7
1019,260,5,3
1019,727,1,8
1019,761,0,8
1019,679,1,8
1019,762,3,4
1019,718,1,8
1019,725,1,8
1019,264,4,4
1019,722,5,8
1019,743,2,8
1019,248,5,1
1019,686,1,8
1019,296,5,10
1019,254,5,2
1019,704,1,8
1019,759,4,8
1019,286,1,8
1019,260,5,3
1019,271,2,5
1019,257,5,2
1019,719,4,8
1019,252,5,1
1019,722,1,8
1019,729,2,5
1019,696,1,8
1019,704,1,8
1019,254,5,2
1019,755,1,8
1019,736,2,8
1019,271,1,5
1019,722,3,8
1019,250,5,1
1019,749,1,4
1019,250,5,1
1019,718,1,8
1019,263,5,4
1019,282,1,7
1019,264,3,4
1019,696,1,8
1019,709,1,8
1019,266,4,4
1019,280,5,7
1019,268,1,5
1019,729,1,5
1019,252,5,1
1019,249,5,1
1019,264,2,4
1019,255,5,2
1019,755,1,8
1019,753,1,8
1019,265,4,4
1019,749,1,4
1019,290,5,9
1019,278,3,7
1019,251,5,1
1019,273,5,6
1019,265,5,4
1019,274,5,6
1019,715,1,8
1019,716,3,8
1019,711,1,4
1019,264,4,4
1019,249,5,1
1019,265,3,4
1019,250,5,1
1019,268,1,5
1019,744,1,8
1019,270,1,5
1019,259,3,3
1019,704,1,8
1019,262,5,3
1019,725,1,8
1019,756,1,4
1019,718,1,8
1019,721,1,8
1019,757,1,8
1019,758,1,8
1019,701,1,8
1019,275,5,6
1019,723,1,8
1019,717,1,8
1019,746,2,8
1019,726,1,8
1019,752,1,8
1019,285,1,8
1019,269,1,5
1019,286,1,8
1019,728,1,8
1019,676,1,8
1019,739,1,8
1019,691,1,4
1019,271,1,5
1019,259,5,3
1019,285,0,8
1019,276,5,6
1019,677,1,8
1019,250,5,1
1019,674,1,4
1019,248,5,1
1019,680,1,8
1019,690,1,8
1019,264,5,4
1019,733,3,8
1019,692,1,8
1019,252,5,1
1019,249,5,1
1019,675,0,8
1019,713,1,8
1019,682,2,8
1019,683,1,8
1019,684,1,8
1019,739,1,8
1019,698,3,8
1019,297,5,10
1019,752,1,8
1019,257,5,2
1019,261,5,3
1019,722,1,8
1019,729,2,5
1019,258,4,3
1019,259,5,3
1019,736,1,8
1019,705,1,8
1019,722,1,8
1019,685,1,8
1019,708,2,4
1019,262,3,3
1019,277,5,6
1019,289,5,9
1019,269,1,5
1019,729,1,5
1019,716,2,8
1019,250,4,1
1019,271,1,5
1019,723,1,8
1019,684,1,8
1019,255,5,2
1019,271,1,5
1019,745,1,4
1019,722,1,8
1019,281,1,7
1019,745,1,4
1019,738,1,8
1019,289,5,9
1019,708,4,4
1019,714,1,5
1019,706,1,8
1019,255,5,2
1019,260,5,3
1019,720,4,8
1019,267,5,4
1019,702,2,8
1019,760,3,10
1019,267,5,4
1019,278,1,7
1019,260,5,3
1019,756,1,4
1019,250,5,1
1019,754,1,8
1019,272,2,5
1019,259,5,3
1019,722,4,8
1019,696,1,8
1019,270,1,5
1019,290,5,9
1019,674,1,4
1019,741,1,8
1019,281,1,7
1019,689,5,8
1019,287,1,8
1019,681,2,8
1019,753,1,8
1019,686,1,8
1019,713,1,8
1019,253,5,2
1019,271,1,5
1019,718,1,8
1019,726,2,8
1019,265,5,4
1019,250,5,1
1019,267,5,4
1019,255,5,2
1019,267,5,4
1019,707,2,10
1019,755,1,8
1019,723,1,8
1019,719,3,8
1019,731,3,8
1019,760,3,10
1019,705,1,8
1019,293,5,10
1019,256,3,2
1019,721,2,8
1019,681,3,8
1019,735,1,8
1019,699,1,8
1019,748,4,8
1019,297,5,10
1019,257,5,2
1019,734,2,8
1019,739,1,8
1019,296,5,10
1019,730,4,8
1019,738,1,8
1019,684,1,8
1019,719,2,8
1019,736,1,8
1019,294,5,10
1019,268,2,5
1019,690,1,8
1019,677,1,8
1019,724,3,8
1019,756,1,4
1019,718,1,8
1019,755,2,8
1019,700,1,8
1019,266,3,4
1019,699,1,8
1019,253,5,2
1019,711,1,4
1019,678,1,8
1019,747,3,8
1019,730,3,8
1019,255,5,2
1019,716,4,8
1019,737,2,8
1019,264,2,4
1019,696,1,8
1019,734,2,8
1019,704,1,8
1019,755,1,8
1019,719,2,8
1019,756,1,4
1019,679,1,8
1019,762,2,4
1019,696,1,8
1019,256,4,2
1019,738,1,8
1019,679,1,8
1019,251,5,1
1019,733,3,8
1019,761,1,8
1019,746,2,8
1019,249,5,1
1019,284,1,8
1019,678,1,8
1019,279,2,7
1019,291,4,9
1019,739,1,8
1019,732,1,8
1019,711,1,4
1019,744,1,8
1019,740,1,8
1019,715,2,8
1019,693,1,8
1019,746,1,8
1019,293,5,10
1019,722,1,8
1019,738,1,8
1019,278,1,7
1019,690,0,8
1019,709,1,8
1019,277,5,6
1019,721,1,8
1019,252,5,1
1019,701,1,8
1019,283,5,8
1019,728,1,8
1019,279,3,7
1019,737,1,8
1019,755,1,8
1019,707,4,10
1019,734,1,8
1019,259,5,3
1019,719,2,8
1019,705,1,8
1019,688,1,8
1019,282,1,7
1019,754,1,8
1019,757,1,8
1019,740,1,8
1019,294,5,10
1019,700,1,8
1019,748,4,8
1019,284,1,8
1019,698,2,8
1019,285,1,8
1019,755,1,8
1019,271,1,5
1019,278,1,7
1019,761,1,8
1019,685,1,8
1019,722,1,8
1019,697,1,8
1019,736,2,8
1019,694,1,8
1019,746,3,8
1019,252,5,1
1019,690,1,8
1019,297,5,10
1019,710,1,8
1019,295,5,10
1019,276,5,6
1019,258,5,3
1019,734,1,8
1019,738,0,8
1019,704,1,8
1019,259,5,3
1019,291,3,9
1019,719,3,8
1019,705,1,8
1019,722,4,8
1019,276,5,6
1019,748,2,8
1019,688,1,8
1019,720,2,8
1019,722,2,8
1019,741,1,8
1019,760,3,10
1019,719,1,8
1019,714,1,5
1019,687,1,8
1019,759,1,8
1019,285,1,8
1019,292,3,9
1019,284,1,8
1019,286,1,8
1019,747,2,8
1019,710,1,8
1019,762,1,4
1019,268,1,5
1019,729,1,5
1019,273,5,6
1019,728,0,8
1019,283,5,8
1019,722,1,8
1019,736,1,8
1019,712,3,8
1019,689,5,8
1019,688,1,8
1019,754,1,8
1019,695,1,8
1019,703,1,8
1019,753,1,8
1019,283,5,8
1019,723,1,8
1019,681,2,8
1019,693,1,8
1019,287,1,8
1019,702,2,8
1019,260,5,3
1019,700,1,8
1019,276,5,6
1019,727,2,8
1019,252,5,1
1019,273,5,6
1019,693,1,8
1019,276,5,6
1019,760,3,10
1019,710,1,8
1019,285,1,8
1019,282,2,7
1019,725,1,8
1019,732,1,8
1019,265,3,4
1019,745,1,4
1019,705,0,8
1019,754,1,8
1019,283,5,8
1019,683,1,8
1019,278,1,7
1019,288,5,9
1019,757,1,8
1019,756,1,4
1019,293,5,10
1019,694,1,8
1019,717,1,8
1019,761,1,8
1019,707,3,10
1019,268,1,5
1019,737,1,8
1019,753,1,8
1019,296,5,10
1019,678,1,8
1019,715,1,8
1019,729,1,5
1019,707,3,10
1019,739,1,8
1019,728,1,8
1019,276,5,6
1019,732,1,8
1019,761,1,8
1019,736,2,8
1019,745,1,4
1019,722,1,8
1019,750,1,8
1019,259,5,3
1019,741,1,8
1019,685,3,8
1019,704,1,8
1019,278,2,7
1019,281,1,7
1019,288,5,9
1019,680,0,8
1019,758,1,8
1019,755,2,8
1019,717,1,8
1019,761,1,8
1019,676,1,8
1019,734,2,8
1019,706,1,8
1019,697,1,8
1019,684,1,8
1019,744,1,8
1019,273,5,6
1019,276,5,6
1019,753,1,8
1019,258,4,3
1019,742,1,8
1019,674,1,4
1019,719,2,8
1019,289,5,9
1019,749,1,4
1019,724,2,8
1019,731,2,8
1019,273,5,6
1019,751,2,8
1019,292,4,9
1019,701,1,8
1019,723,1,8
1019,294,5,10
1019,698,2,8
1019,712,3,8
1019,683,1,8
1019,272,2,5
1019,295,5,10
1019,263,5,4
1019,267,5,4
1019,723,0,8
1019,746,1,8
1019,727,2,8
1019,264,2,4
1019,293,5,10
1019,291,4,9
1019,728,1,8
1019,727,1,8
1019,732,1,8
1019,722,1,8
1019,677,1,8
1019,287,2,8
1019,294,5,10
1019,740,1,8
1019,684,1,8
1019,685,4,8
1019,274,5,6
1019,745,1,4
1019,703,1,8
1019,288,5,9
1019,742,1,8
1019,720,5,8
1019,687,1,8
1019,287,3,8
1019,266,4,4
1019,692,1,8
1019,713,1,8
1019,750,1,8
1019,686,1,8
1019,275,5,6
1019,747,4,8
1019,261,5,3
1019,712,4,8
1019,725,1,8
1019,732,1,8
1019,676,1,8
1019,697,1,8
1019,735,1,8
1019,710,0,8
1019,762,1,4
1019,264,4,4
1019,691,1,4
1019,729,1,5
1019,267,5,4
1019,693,1,8
1019,696,1,8
1019,684,0,8
1019,677,1,8
1019,736,1,8
1019,679,1,8
1019,762,2,4
1019,754,1,8
1019,700,1,8
1019,678,1,8
1019,739,1,8
1019,296,5,10
1019,262,4,3
1019,742,1,8
1019,278,2,7
1019,731,2,8
1019,293,5,10
1019,703,1,8
1019,288,5,9
1019,258,5,3
1019,749,1,4
1019,281,1,7
1019,745,1,4
1019,689,5,8
1019,695,1,8
1019,256,4,2
1019,264,5,4
1019,677,1,8
1019,708,3,4
1019,290,5,9
1019,738,1,8
1019,725,1,8
1019,682,1,8
1019,721,2,8
1019,743,2,8
1019,757,1,8
1019,251,5,1
1019,273,5,6
1019,282,1,7
1019,259,5,3
1019,736,2,8
1019,696,1,8
1019,270,1,5
1019,688,2,8
1019,674,1,4
1019,753,1,8
1019,758,1,8
1019,707,3,10
1019,692,1,8
1019,283,5,8
1019,705,1,8
1019,685,4,8
1019,722,4,8
1019,724,3,8
1019,741,1,8
1019,754,1,8
1019,760,3,10
1019,681,3,8
1019,717,1,8
1019,693,1,8
1019,714,1,5
1019,274,5,6
1019,280,5,7
1019,679,1,8
1019,709,1,8
1019,759,2,8
1019,686,1,8
1019,756,1,4
1019,746,2,8
1019,701,1,8
1019,266,4,4
1019,249,5,1
1019,675,0,8
1019,720,3,8
1019,254,5,2
1019,704,1,8
1019,690,1,8
1019,277,5,6
1019,287,2,8
1019,292,4,9
1019,275,5,6
1019,718,1,8
1019,755,3,8
1019,713,1,8
1019,723,1,8
1019,727,2,8
1019,732,1,8
1019,286,1,8
1019,747,3,8
1019,279,2,7
1019,297,5,10
1019,752,1,8
1019,711,1,4
1019,291,4,9
1019,257,5,2
1019,728,1,8
1019,702,2,8
1019,719,3,8
1019,694,1,8
1019,687,1,8
1019,248,5,1
1019,680,1,8
1019,289,5,9
1019,733,2,8
1019,751,2,8
1019,252,5,1
1019,761,1,8
1019,715,2,8
1019,716,2,8
1019,267,5,4
1019,730,4,8
1019,710,1,8
1019,295,5,10
1019,762,1,4
1019,263,5,4
1019,744,1,8
1019,697,1,8
1019,269,1,5
1019,250,4,1
1019,676,1,8
1019,265,5,4
1019,255,5,2
1019,737,2,8
1019,729,1,5
1019,740,1,8
1019,684,1,8
1019,276,5,6
1019,748,3,8
1019,268,1,5
1019,735,1,8
1019,284,1,8
1019,253,5,2
1019,698,2,8
1019,285,1,8
1019,261,5,3
1019,683,1,8
1019,272,2,5
1019,750,1,8
1019,712,4,8
1019,706,2,8
1019,294,5,10
1019,726,2,8
1019,699,1,8
1019,734,2,8
1019,260,5,3
1019,271,2,5
1019,273,5,6
1019,249,5,1
1019,707,3,10
1019,293,5,10
1019,729,2,5
1019,267,5,4
1019,264,3,4
1019,760,4,10
1019,739,1,8
1019,264,5,4
1019,276,5,6
1019,723,1,8
1019,691,1,4
1019,722,1,8
1019,693,0,8
1019,271,1,5
1019,252,5,1
1019,729,1,5
1019,755,1,8
1019,746,1,8
1019,710,1,8
1019,258,5,3
1019,696,1,8
1019,734,2,8
1019,259,5,3
1019,738,1,8
1019,278,1,7
1019,704,1,8
1019,285,1,8
1019,259,5,3
1019,291,4,9
1019,728,1,8
1019,282,3,7
1019,276,5,6
1019,260,5,3
1019,684,1,8
1019,254,5,2
1019,727,1,8
1019,255,5,2
1019,755,1,8
1019,725,1,8
1019,732,1,8
1019,719,3,8
1019,736,2,8
1019,756,1,4
1019,761,1,8
1019,745,1,4
1019,705,1,8
1019,690,1,8
1019,287,2,8
1019,294,5,10
1019,754,1,8
1019,722,1,8
1019,719,2,8
1019,250,5,1
1019,722,1,8
1019,268,2,5
1019,749,1,4
1019,250,5,1
1019,718,1,8
1019,736,1,8
1019,283,5,8
1019,677,1,8
1019,722,4,8
1019,685,1,8
1019,753,1,8
1019,679,1,8
1019,271,1,5
1019,265,3,4
1019,762,3,4
1020,702,1,8
1020,733,5,8
1020,733,5,8
1020,695,0,8
1020,718,5,8
1020,737,3,8
1020,684,1,8
1020,273,0,6
1020,751,0,8
1020,261,0,3
1020,692,0,8
1020,261,0,3
1020,717,1,8
1020,692,0,8
1020,718,5,8
1020,749,1,4
1020,700,1,8
1020,281,1,7
1020,754,2,8
1020,722,1,8
1020,749,1,4
1020,285,3,8
1020,700,1,8
1020,739,0,8
1020,684,2,8
1020,273,0,6
1020,738,2,8
1020,281,1,7
1020,714,5,5
1020,754,3,8
1020,733,5,8
1020,717,1,8
1020,725,4,8
1020,751,0,8
1020,253,5,2
1020,738,5,8
1020,261,0,3
1020,253,1,2
1020,722,1,8
1020,253,2,2
1020,718,5,8
1020,273,0,6
1020,747,1,8
1020,296,1,10
1020,754,1,8
1020,725,0,8
1020,692,0,8
1020,700,1,8
1020,702,1,8
1020,747,1,8
1020,285,4,8
1020,747,1,8
1020,725,4,8
1020,695,0,8
1020,281,1,7
1020,714,3,5
1020,739,0,8
1020,296,1,10
1020,684,2,8
1020,722,1,8
1020,695,0,8
1020,738,3,8
1020,737,2,8
1020,739,0,8
1020,732,0,8
1020,702,1,8
1020,737,3,8
1020,751,0,8
1020,296,1,10
1020,749,1,4
1020,714,5,5
1020,732,0,8
1020,717,1,8
1020,285,0,8
1020,732,0,8
1020,702,1,8
1020,253,3,2
1020,281,2,7
1020,754,2,8
1020,733,5,8
1020,747,1,8
1020,296,2,10
1020,684,3,8
1020,717,1,8
1020,725,2,8
1020,722,1,8
1020,285,3,8
1020,695,0,8
1020,692,0,8
1020,718,5,8
1020,273,1,6
1020,749,1,4
1020,714,5,5
1020,738,2,8
1020,737,1,8
1020,700,1,8
1020,751,0,8
1020,732,0,8
1020,261,0,3
1020,739,0,8
1021,249,3,1
1021,683,2,8
1021,752,1,8
1021,757,0,8
1021,294,2,10
1021,708,0,4
1021,741,4,8
1021,701,1,8
1021,249,1,1
1021,741,4,8
1021,733,0,8
1021,294,5,10
1021,708,0,4
1021,701,1,8
1021,752,2,8
1021,757,0,8
1021,701,3,8
1021,249,3,1
1021,733,0,8
1021,294,2,10
1021,743,3,8
1021,733,0,8
1021,757,0,8
1021,752,2,8
1021,708,0,4
1021,683,4,8
1021,743,4,8
1021,741,4,8
1021,683,4,8
1021,743,1,8
1021,752,4,8
1021,249,2,1
1021,733,0,8
1021,683,3,8
1021,757,3,8
1021,743,2,8
1021,708,0,4
1021,741,2,8
1021,294,5,10
1021,701,3,8
1022,254,4,2
1022,710,3,8
1022,264,3,4
1022,678,1,8
1022,256,3,2
1022,254,3,2
1022,273,3,6
1022,256,3,2
1022,264,3,4
1022,273,3,6
1022,688,4,8
1022,739,1,8
1022,678,1,8
1022,281,4,7
1022,688,2,8
1022,739,1,8
1022,273,3,6
1022,739,1,8
1022,737,1,8
1022,281,3,7
1022,688,4,8
1022,737,1,8
1022,256,1,2
1022,737,1,8
1022,281,4,7
1022,254,4,2
1022,710,3,8
1022,678,1,8
1022,710,4,8
1022,264,2,4
1022,710,1,8
1022,273,4,6
1022,256,4,2
1022,254,2,2
1022,688,3,8
1022,739,1,8
1022,737,1,8
1022,264,3,4
1022,678,1,8
1022,281,5,7
1023,250,1,1
1023,295,1,10
1023,746,3,8
1023,280,0,7
1023,292,1,9
1023,693,4,8
1023,253,4,2
1023,290,1,9
1023,282,0,7
1023,291,3,9
1023,693,4,8
1023,746,5,8
1023,291,4,9
1023,737,5,8
1023,263,5,4
1023,295,4,10
1023,728,1,8
1023,761,2,8
1023,676,2,8
1023,725,4,8
1023,737,2,8
1023,251,5,1
1023,680,2,8
1023,751,2,8
1023,734,5,8
1023,692,4,8
1023,290,1,9
1023,750,3,8
1023,250,1,1
1023,684,2,8
1023,725,4,8
1023,696,4,8
1023,732,3,8
1023,272,2,5
1023,250,3,1
1023,253,1,2
1023,691,0,4
1023,682,5,8
1023,730,1,8
1023,252,4,1
1023,272,1,5
1023,691,0,4
1023,295,5,10
1023,691,0,4
1023,751,4,8
1023,263,2,4
1023,754,2,8
1023,713,5,8
1023,278,5,7
1023,750,5,8
1023,282,0,7
1023,680,4,8
1023,292,1,9
1023,703,3,8
1023,722,0,8
1023,291,1,9
1023,290,3,9
1023,262,1,3
1023,292,5,9
1023,732,1,8
1023,748,0,8
1023,251,1,1
1023,751,4,8
1023,262,5,3
1023,278,4,7
1023,696,5,8
1023,722,0,8
1023,693,3,8
1023,263,3,4
1023,676,4,8
1023,692,5,8
1023,743,1,8
1023,746,1,8
1023,734,5,8
1023,252,3,1
1023,676,1,8
1023,748,0,8
1023,699,5,8
1023,743,4,8
1023,696,5,8
1023,280,0,7
1023,713,5,8
1023,730,1,8
1023,274,1,6
1023,262,5,3
1023,728,5,8
1023,761,5,8
1023,743,4,8
1023,274,1,6
1023,750,2,8
1023,725,2,8
1023,680,2,8
1023,684,3,8
1023,252,2,1
1023,278,2,7
1023,253,1,2
1023,730,5,8
1023,251,5,1
1023,761,2,8
1023,699,2,8
1023,282,0,7
1023,280,0,7
1023,754,2,8
1023,734,5,8
1023,692,4,8
1023,699,5,8
1023,682,4,8
1023,703,5,8
1023,272,4,5
1023,684,4,8
1023,732,5,8
1023,748,0,8
1023,728,5,8
1023,682,5,8
1023,754,4,8
1023,703,2,8
1023,722,0,8
1023,274,5,6
1023,713,1,8
1023,737,2,8
1023,703,5,8
1023,250,1,1
1023,278,4,7
1023,676,5,8
1023,750,5,8
1023,743,4,8
1023,253,1,2
1023,734,5,8
1023,272,3,5
1023,290,1,9
1023,699,5,8
1023,692,5,8
1023,252,2,1
1023,725,4,8
1023,696,4,8
1023,295,4,10
1023,746,4,8
1023,732,5,8
1023,761,3,8
1023,684,5,8
1023,722,0,8
1023,748,0,8
1023,280,0,7
1023,282,0,7
1023,691,0,4
1023,291,1,9
1023,274,1,6
1023,754,3,8
1023,751,4,8
1023,693,2,8
1023,292,5,9
1023,728,5,8
1023,737,5,8
1023,730,3,8
1023,713,5,8
1023,263,5,4
1023,262,3,3
1023,682,4,8
1023,680,4,8
1023,251,1,1
1024,686,3,8
1024,744,4,8
1024,704,3,8
1024,688,1,8
1024,707,3,10
1024,259,2,3
1024,705,1,8
1024,745,1,4
1024,259,3,3
1024,686,5,8
1024,283,3,8
1024,717,4,8
1024,704,5,8
1024,744,4,8
1024,686,3,8
1024,688,1,8
1024,705,2,8
1024,744,5,8
1024,745,1,4
1024,704,4,8
1024,707,4,10
1024,707,3,10
1024,717,3,8
1024,705,1,8
1024,283,4,8
1024,259,4,3
1024,688,3,8
1024,717,2,8
1024,745,2,4
1024,283,5,8
1024,686,5,8
1024,717,5,8
1024,259,3,3
1024,745,3,4
1024,705,3,8
1024,283,4,8
1024,688,3,8
1024,744,5,8
1024,704,4,8
1024,707,4,10
1025,251,4,1
1025,253,3,2
1025,284,3,8
1025,251,2,1
1025,291,3,9
1025,284,4,8
1025,291,5,9
1025,253,4,2
1025,253,4,2
1025,284,4,8
1025,251,5,1
1025,291,4,9
1025,251,4,1
1025,253,3,2
1025,291,4,9
1025,284,3,8
1026,703,1,8
1026,749,1,4
1026,686,5,8
1026,730,1,8
1026,761,4,8
1026,282,3,7
1026,692,4,8
1026,692,2,8
1026,699,3,8
1026,747,5,8
1026,696,1,8
1026,286,4,8
1026,730,1,8
1026,749,1,4
1026,282,5,7
1026,749,1,4
1026,703,1,8
1026,294,3,10
1026,762,5,4
1026,698,3,8
1026,761,3,8
1026,760,1,10
1026,731,1,8
1026,286,5,8
1026,276,1,6
1026,762,5,4
1026,699,3,8
1026,698,3,8
1026,294,3,10
1026,696,1,8
1026,730,1,8
1026,747,5,8
1026,692,3,8
1026,686,5,8
1026,282,5,7
1026,761,4,8
1026,696,1,8
1026,275,1,6
1026,703,1,8
1026,290,1,9
1026,266,5,4
1026,686,5,8
1026,747,5,8
1026,276,1,6
1026,266,3,4
1026,731,1,8
1026,275,1,6
1026,762,5,4
1026,698,3,8
1026,275,1,6
1026,760,1,10
1026,290,1,9
1026,266,4,4
1026,290,5,9
1026,276,1,6
1026,286,2,8
1026,699,4,8
1026,760,1,10
1026,731,1,8
1026,294,3,10
1026,699,5,8
1026,275,1,6
1026,294,3,10
1026,730,1,8
1026,290,3,9
1026,747,5,8
1026,703,1,8
1026,749,1,4
1026,692,3,8
1026,276,1,6
1026,282,5,7
1026,286,3,8
1026,698,3,8
1026,686,5,8
1026,696,1,8
1026,762,5,4
1026,760,1,10
1026,731,1,8
1026,266,5,4
1026,761,1,8
1027,258,4,3
1027,722,3,8
1027,703,3,8
1027,746,2,8
1027,710,1,8
1027,260,3,3
1027,703,5,8
1027,712,1,8
1027,710,2,8
1027,722,1,8
1027,746,4,8
1027,698,2,8
1027,260,1,3
1027,728,0,8
1027,698,5,8
1027,681,1,8
1027,258,3,3
1027,260,3,3
1027,746,3,8
1027,728,0,8
1027,722,3,8
1027,703,4,8
1027,710,1,8
1027,698,4,8
1027,712,5,8
1027,728,0,8
1027,681,1,8
1027,681,4,8
1027,712,5,8
1027,258,1,3
1027,681,3,8
1027,728,0,8
1027,258,2,3
1027,698,2,8
1027,712,3,8
1027,260,2,3
1027,703,3,8
1027,746,4,8
1027,722,2,8
1027,710,1,8
1028,702,1,8
1028,702,1,8
1028,252,4,1
1028,738,1,8
1028,738,1,8
1028,702,1,8
1028,252,1,1
1028,252,1,1
1028,738,2,8
1028,252,5,1
1028,738,2,8
1028,702,2,8
1029,690,2,8
1029,674,4,4
1029,674,5,4
1029,690,4,8
1029,283,1,8
1029,699,1,8
1029,745,3,4
1029,699,3,8
1029,283,5,8
1029,745,3,4
1029,283,1,8
1029,699,4,8
1029,690,1,8
1029,745,2,4
1029,674,4,4
1029,745,0,4
1029,283,0,8
1029,699,0,8
1029,674,0,4
1029,690,0,8
1030,760,3,10
1030,751,1,8
1030,273,3,6
1030,259,2,3
1030,273,2,6
1030,687,5,8
1030,732,3,8
1030,259,2,3
1030,753,2,8
1030,760,5,10
1030,259,3,3
1030,736,4,8
1030,687,4,8
1030,725,2,8
1030,751,5,8
1030,702,3,8
1030,725,4,8
1030,753,4,8
1030,753,3,8
1030,725,3,8
1030,732,2,8
1030,702,4,8
1030,736,5,8
1030,702,2,8
1030,687,4,8
1030,732,2,8
1030,751,4,8
1030,273,5,6
1030,760,4,10
1030,736,5,8
1030,725,3,8
1030,732,2,8
1030,753,2,8
1030,702,3,8
1030,736,5,8
1030,273,4,6
1030,259,2,3
1030,760,4,10
1030,687,5,8
1030,751,3,8
1031,251,3,1
1031,254,1,2
1031,739,3,8
1031,251,2,1
1031,265,4,4
1031,739,3,8
1031,265,4,4
1031,724,3,8
1031,251,4,1
1031,265,4,4
1031,254,1,2
1031,724,4,8
1031,254,2,2
1031,739,3,8
1031,724,3,8
1031,739,3,8
1031,265,4,4
1031,251,2,1
1031,254,1,2
1031,724,4,8
1032,684,4,8
1032,742,2,8
1032,716,0,8
1032,675,4,8
1032,724,0,8
1032,731,1,8
1032,724,0,8
1032,755,1,8
1032,716,0,8
1032,682,2,8
1032,719,2,8
1032,727,1,8
1032,758,2,8
1032,295,5,10
1032,758,4,8
1032,250,0,1
1032,728,1,8
1032,740,1,8
1032,731,1,8
1032,250,0,1
1032,295,5,10
1032,742,4,8
1032,262,1,3
1032,719,4,8
1032,682,2,8
1032,684,4,8
1032,742,5,8
1032,728,1,8
1032,744,3,8
1032,252,1,1
1032,295,3,10
1032,262,1,3
1032,715,4,8
1032,755,2,8
1032,715,4,8
1032,727,3,8
1032,728,1,8
1032,715,2,8
1032,744,3,8
1032,250,0,1
1032,252,2,1
1032,724,0,8
1032,744,2,8
1032,758,3,8
1032,705,4,8
1032,262,1,3
1032,682,2,8
1032,675,2,8
1032,755,2,8
1032,727,4,8
1032,705,4,8
1032,252,3,1
1032,684,3,8
1032,716,0,8
1032,740,1,8
1032,740,1,8
1032,731,1,8
1032,675,5,8
1032,705,4,8
1032,719,4,8
1032,262,1,3
1032,250,0,1
1032,755,2,8
1032,715,5,8
1032,740,1,8
1032,684,3,8
1032,719,4,8
1032,682,2,8
1032,728,1,8
1032,727,3,8
1032,252,1,1
1032,744,3,8
1032,742,4,8
1032,724,1,8
1032,758,3,8
1032,705,5,8
1032,295,3,10
1032,731,1,8
1032,675,5,8
1032,716,1,8
1033,716,5,8
1033,734,1,8
1033,760,4,10
1033,681,5,8
1033,737,1,8
1033,686,3,8
1033,727,5,8
1033,721,2,8
1033,714,5,5
1033,749,1,4
1033,728,1,8
1033,712,2,8
1033,710,3,8
1033,253,5,2
1033,761,4,8
1033,252,4,1
1033,289,1,9
1033,687,1,8
1033,738,1,8
1033,684,4,8
1033,276,1,6
1033,737,4,8
1033,696,1,8
1033,267,3,4
1033,296,3,10
1033,270,1,5
1033,757,3,8
1033,289,4,9
1033,729,2,5
1033,280,1,7
1033,273,2,6
1033,248,5,1
1033,686,2,8
1033,754,2,8
1033,760,2,10
1033,266,4,4
1033,757,2,8
1033,683,1,8
1033,729,1,5
1033,742,2,8
1033,695,2,8
1033,290,4,9
1033,250,4,1
1033,721,3,8
1033,698,2,8
1033,266,2,4
1033,694,3,8
1033,696,1,8
1033,708,1,4
1033,265,4,4
1033,681,3,8
1033,274,1,6
1033,732,1,8
1033,756,1,4
1033,281,2,7
1033,250,1,1
1033,729,2,5
1033,714,1,5
1033,758,1,8
1033,276,1,6
1033,711,1,4
1033,762,1,4
1033,709,1,8
1033,706,2,8
1033,708,2,4
1033,274,3,6
1033,279,1,7
1033,717,1,8
1033,751,4,8
1033,722,2,8
1033,291,2,9
1033,756,1,4
1033,687,3,8
1033,280,2,7
1033,290,2,9
1033,679,2,8
1033,733,1,8
1033,705,2,8
1033,254,2,2
1033,286,2,8
1033,708,5,4
1033,713,2,8
1033,710,4,8
1033,736,5,8
1033,735,3,8
1033,674,2,4
1033,731,1,8
1033,249,5,1
1033,685,4,8
1033,680,2,8
1033,279,3,7
1033,734,1,8
1033,270,1,5
1033,732,1,8
1033,748,2,8
1033,257,3,2
1033,679,3,8
1033,703,4,8
1033,250,3,1
1033,254,4,2
1033,685,3,8
1033,674,3,4
1033,273,1,6
1033,269,4,5
1033,265,4,4
1033,270,1,5
1033,684,2,8
1033,690,4,8
1033,257,1,2
1033,674,1,4
1033,251,3,1
1033,280,3,7
1033,714,3,5
1033,749,1,4
1033,754,4,8
1033,295,5,10
1033,255,5,2
1033,267,2,4
1033,291,4,9
1033,252,3,1
1033,742,3,8
1033,287,4,8
1033,700,5,8
1033,283,4,8
1033,705,1,8
1033,690,3,8
1033,682,4,8
1033,675,4,8
1033,261,3,3
1033,746,5,8
1033,680,3,8
1033,279,3,7
1033,759,3,8
1033,760,5,10
1033,249,4,1
1033,267,5,4
1033,255,4,2
1033,735,3,8
1033,725,2,8
1033,295,5,10
1033,734,1,8
1033,678,2,8
1033,284,3,8
1033,697,3,8
1033,722,5,8
1033,723,2,8
1033,720,5,8
1033,281,5,7
1033,278,3,7
1033,753,3,8
1033,682,4,8
1033,746,5,8
1033,679,3,8
1033,741,2,8
1033,698,3,8
1033,676,4,8
1033,269,5,5
1033,680,4,8
1033,296,3,10
1033,709,4,8
1033,266,5,4
1033,707,3,10
1033,285,5,8
1033,715,5,8
1033,712,3,8
1033,752,4,8
1033,741,2,8
1033,683,1,8
1033,707,3,10
1033,261,5,3
1033,259,1,3
1033,710,1,8
1033,741,1,8
1033,715,3,8
1033,253,3,2
1033,252,2,1
1033,683,2,8
1033,285,2,8
1033,278,1,7
1033,257,2,2
1033,743,4,8
1033,726,1,8
1033,709,3,8
1033,736,1,8
1033,747,3,8
1033,688,1,8
1033,762,1,4
1033,676,2,8
1033,761,5,8
1033,732,1,8
1033,259,1,3
1033,743,3,8
1033,711,1,4
1033,255,3,2
1033,728,1,8
1033,755,3,8
1033,712,5,8
1033,685,3,8
1033,282,4,7
1033,696,1,8
1033,253,4,2
1033,692,4,8
1033,702,1,8
1033,756,2,4
1033,283,3,8
1033,675,2,8
1033,692,1,8
1033,736,3,8
1033,719,5,8
1033,678,3,8
1033,251,5,1
1033,273,1,6
1033,286,4,8
1033,746,4,8
1033,259,1,3
1033,282,3,7
1033,724,3,8
1033,262,1,3
1033,754,4,8
1033,700,2,8
1033,742,2,8
1033,733,2,8
1033,747,5,8
1033,248,4,1
1033,725,2,8
1033,702,1,8
1033,737,1,8
1033,717,1,8
1033,723,4,8
1033,720,2,8
1033,281,3,7
1033,695,3,8
1033,703,5,8
1033,753,3,8
1033,275,1,6
1033,289,5,9
1033,752,2,8
1033,296,5,10
1033,724,1,8
1033,704,4,8
1033,249,1,1
1033,731,1,8
1033,248,1,1
1033,713,1,8
1033,262,1,3
1033,727,2,8
1033,699,2,8
1033,254,2,2
1033,292,1,9
1033,726,2,8
1033,687,2,8
1033,704,3,8
1033,762,1,4
1033,694,4,8
1033,688,3,8
1033,751,3,8
1033,676,4,8
1033,717,1,8
1033,735,1,8
1033,282,5,7
1033,748,3,8
1033,720,3,8
1033,757,3,8
1033,733,2,8
1033,275,1,6
1033,682,5,8
1033,261,1,3
1033,684,3,8
1033,718,5,8
1033,675,3,8
1033,251,3,1
1033,725,4,8
1033,731,1,8
1033,265,3,4
1033,292,4,9
1033,738,1,8
1033,718,2,8
1033,286,4,8
1033,278,3,7
1033,287,5,8
1033,707,5,10
1033,743,5,8
1033,695,3,8
1033,692,4,8
1033,719,5,8
1033,686,2,8
1033,755,4,8
1033,759,2,8
1033,689,5,8
1033,727,4,8
1033,722,4,8
1033,699,3,8
1033,726,1,8
1033,758,2,8
1033,681,5,8
1033,752,3,8
1033,689,4,8
1033,755,5,8
1033,698,5,8
1033,751,1,8
1033,284,3,8
1033,697,2,8
1033,291,4,9
1033,283,4,8
1033,276,3,6
1033,738,1,8
1033,721,5,8
1033,703,4,8
1033,758,2,8
1033,290,5,9
1033,274,1,6
1033,678,1,8
1033,704,2,8
1033,716,2,8
1033,715,2,8
1033,688,4,8
1033,747,1,8
1033,702,1,8
1033,706,2,8
1033,262,1,3
1033,719,2,8
1033,761,1,8
1033,697,2,8
1033,699,4,8
1033,292,1,9
1033,275,1,6
1033,705,1,8
1033,759,1,8
1033,689,3,8
1033,269,2,5
1033,749,2,4
1033,706,4,8
1033,716,4,8
1033,728,1,8
1033,694,2,8
1033,713,1,8
1033,724,5,8
1033,295,5,10
1033,284,2,8
1033,723,3,8
1033,748,1,8
1033,700,5,8
1033,718,3,8
1033,690,2,8
1033,287,3,8
1033,753,2,8
1033,711,2,4
1033,285,3,8
1033,712,3,8
1033,694,2,8
1033,760,4,10
1033,706,4,8
1033,269,5,5
1033,725,3,8
1033,696,1,8
1033,249,4,1
1033,686,1,8
1033,688,3,8
1033,735,2,8
1033,737,1,8
1033,719,5,8
1033,267,5,4
1033,676,2,8
1033,731,1,8
1033,717,1,8
1033,262,1,3
1033,265,3,4
1033,755,4,8
1033,253,5,2
1033,751,4,8
1033,702,1,8
1033,681,5,8
1033,685,4,8
1033,282,4,7
1033,689,5,8
1033,251,3,1
1033,680,3,8
1033,713,1,8
1033,296,5,10
1033,678,2,8
1033,295,5,10
1033,266,5,4
1033,734,1,8
1033,692,2,8
1033,759,2,8
1033,762,1,4
1033,709,3,8
1033,724,4,8
1033,248,5,1
1033,274,1,6
1033,273,3,6
1033,741,1,8
1033,754,5,8
1033,698,4,8
1033,279,3,7
1033,704,5,8
1033,710,2,8
1033,674,2,4
1033,749,2,4
1033,752,4,8
1033,747,5,8
1033,708,4,4
1033,716,4,8
1033,736,4,8
1033,715,4,8
1033,255,4,2
1033,728,1,8
1033,284,2,8
1033,270,2,5
1033,761,5,8
1033,727,4,8
1033,697,2,8
1033,722,4,8
1033,291,3,9
1033,252,3,1
1033,723,3,8
1033,732,1,8
1033,699,3,8
1033,748,2,8
1033,720,5,8
1033,757,2,8
1033,756,1,4
1033,683,2,8
1033,281,5,7
1033,287,5,8
1033,250,3,1
1033,275,1,6
1033,714,5,5
1033,690,3,8
1033,753,3,8
1033,682,4,8
1033,257,3,2
1033,261,4,3
1033,290,4,9
1033,679,3,8
1033,726,1,8
1033,705,2,8
1033,675,2,8
1033,711,2,4
1033,758,2,8
1033,259,1,3
1033,684,3,8
1033,733,2,8
1033,285,5,8
1033,743,4,8
1033,254,4,2
1033,746,5,8
1033,276,3,6
1033,707,4,10
1033,286,4,8
1033,742,2,8
1033,718,5,8
1033,729,3,5
1033,695,2,8
1033,280,2,7
1033,289,5,9
1033,292,3,9
1033,738,1,8
1033,283,3,8
1033,721,3,8
1033,278,2,7
1033,687,2,8
1033,700,5,8
1033,703,5,8
1034,295,3,10
1034,295,3,10
1034,295,3,10
1034,295,4,10
1035,276,0,6
1035,726,3,8
1035,683,2,8
1035,254,2,2
1035,690,2,8
1035,255,4,2
1035,747,1,8
1035,747,1,8
1035,276,0,6
1035,726,2,8
1035,739,2,8
1035,739,3,8
1035,262,3,3
1035,250,1,1
1035,684,2,8
1035,676,2,8
1035,747,1,8
1035,707,2,10
1035,674,1,4
1035,250,1,1
1035,730,1,8
1035,758,3,8
1035,262,3,3
1035,739,2,8
1035,674,3,4
1035,684,1,8
1035,254,2,2
1035,284,3,8
1035,690,4,8
1035,255,2,2
1035,676,4,8
1035,704,0,8
1035,690,3,8
1035,255,4,2
1035,684,1,8
1035,676,3,8
1035,250,1,1
1035,707,1,10
1035,291,1,9
1035,718,1,8
1035,718,1,8
1035,683,2,8
1035,707,1,10
1035,291,1,9
1035,262,3,3
1035,254,2,2
1035,284,3,8
1035,730,1,8
1035,758,4,8
1035,674,1,4
1035,704,0,8
1035,683,2,8
1035,730,2,8
1035,704,0,8
1035,291,2,9
1035,284,3,8
1035,276,0,6
1035,758,4,8
1035,726,3,8
1035,718,1,8
1035,255,3,2
1035,726,3,8
1035,291,1,9
1035,704,0,8
1035,747,1,8
1035,250,1,1
1035,718,2,8
1035,284,3,8
1035,758,3,8
1035,690,4,8
1035,684,2,8
1035,730,2,8
1035,676,4,8
1035,739,3,8
1035,683,2,8
1035,276,0,6
1035,254,2,2
1035,707,1,10
1035,262,3,3
1035,674,3,4
1036,745,1,4
1036,693,4,8
1036,746,4,8
1036,749,2,4
1036,679,2,8
1036,278,1,7
1036,251,5,1
1036,288,1,9
1036,732,3,8
1036,742,4,8
1036,749,3,4
1036,276,5,6
1036,685,2,8
1036,261,2,3
1036,278,2,7
1036,278,1,7
1036,266,1,4
1036,745,2,4
1036,691,3,4
1036,760,2,10
1036,261,3,3
1036,271,2,5
1036,698,3,8
1036,759,3,8
1036,742,3,8
1036,698,3,8
1036,284,2,8
1036,693,2,8
1036,688,4,8
1036,276,4,6
1036,760,3,10
1036,732,3,8
1036,679,3,8
1036,297,1,10
1036,288,3,9
1036,266,3,4
1036,258,3,3
1036,759,3,8
1036,698,3,8
1036,679,2,8
1036,742,2,8
1036,258,1,3
1036,759,1,8
1036,251,5,1
1036,746,3,8
1036,678,5,8
1036,760,2,10
1036,276,2,6
1036,746,4,8
1036,685,3,8
1036,288,4,9
1036,680,3,8
1036,678,5,8
1036,261,4,3
1036,685,2,8
1036,297,2,10
1036,745,1,4
1036,271,2,5
1036,251,4,1
1036,680,2,8
1036,688,2,8
1036,691,2,4
1036,749,3,4
1036,284,4,8
1036,258,1,3
1036,688,3,8
1036,297,2,10
1036,271,2,5
1036,691,1,4
1036,266,1,4
1036,693,2,8
1036,732,2,8
1036,678,5,8
1036,284,2,8
1036,680,1,8
1036,278,1,7
1036,297,3,10
1036,759,2,8
1036,284,3,8
1036,251,4,1
1036,258,2,3
1036,698,2,8
1036,746,4,8
1036,732,2,8
1036,288,4,9
1036,680,2,8
1036,678,5,8
1036,760,3,10
1036,749,3,4
1036,266,3,4
1036,688,4,8
1036,745,1,4
1036,271,3,5
1036,742,5,8
1036,276,5,6
1036,691,1,4
1036,693,2,8
1036,261,4,3
1036,685,3,8
1036,679,5,8
1037,295,2,10
1037,743,2,8
1037,270,1,5
1037,270,1,5
1037,254,1,2
1037,254,1,2
1037,743,2,8
1037,254,1,2
1037,743,1,8
1037,680,1,8
1037,295,3,10
1037,295,4,10
1037,270,1,5
1037,680,2,8
1037,680,1,8
1037,680,1,8
1037,270,1,5
1037,254,1,2
1037,743,1,8
1037,295,3,10
1038,252,1,1
1038,729,1,5
1038,722,4,8
1038,684,3,8
1038,252,5,1
1038,729,1,5
1038,252,1,1
1038,722,2,8
1038,729,1,5
1038,684,4,8
1038,722,1,8
1038,692,3,8
1038,684,5,8
1038,692,1,8
1038,692,5,8
1038,729,1,5
1038,692,2,8
1038,684,5,8
1038,252,4,1
1038,722,3,8
1039,677,5,8
1039,288,5,9
1039,746,5,8
1039,254,1,2
1039,253,5,2
1039,730,1,8
1039,677,5,8
1039,749,5,4
1039,720,5,8
1039,685,5,8
1039,678,5,8
1039,253,1,2
1039,256,1,2
1039,265,5,4
1039,721,3,8
1039,677,5,8
1039,720,1,8
1039,678,5,8
1039,265,5,4
1039,256,1,2
1039,749,5,4
1039,717,3,8
1039,730,1,8
1039,749,5,4
1039,685,5,8
1039,253,5,2
1039,256,3,2
1039,284,3,8
1039,254,4,2
1039,265,5,4
1039,254,4,2
1039,685,3,8
1039,746,5,8
1039,710,3,8
1039,284,4,8
1039,288,1,9
1039,721,1,8
1039,717,5,8
1039,721,3,8
1039,710,3,8
1039,284,2,8
1039,717,5,8
1039,288,1,9
1039,746,3,8
1039,678,5,8
1039,720,1,8
1039,710,5,8
1039,730,3,8
1039,685,5,8
1039,746,5,8
1039,717,5,8
1039,254,5,2
1039,720,5,8
1039,749,5,4
1039,721,5,8
1039,256,5,2
1039,678,5,8
1039,677,5,8
1039,730,2,8
1039,284,5,8
1039,253,5,2
1039,288,5,9
1039,265,5,4
1039,710,5,8
1040,754,4,8
1040,754,1,8
1040,719,1,8
1040,678,1,8
1040,699,4,8
1040,255,1,2
1040,255,4,2
1040,719,4,8
1040,751,3,8
1040,719,1,8
1040,723,3,8
1040,753,4,8
1040,751,3,8
1040,258,1,3
1040,699,4,8
1040,678,2,8
1040,700,3,8
1040,723,1,8
1040,255,1,2
1040,753,1,8
1040,699,1,8
1040,700,1,8
1040,754,1,8
1040,700,4,8
1040,753,2,8
1040,258,3,3
1040,258,1,3
1040,723,1,8
1040,751,4,8
1040,678,4,8
1040,258,1,3
1040,719,3,8
1040,753,3,8
1040,751,3,8
1040,700,3,8
1040,754,2,8
1040,678,3,8
1040,255,1,2
1040,699,4,8
1040,723,2,8
1041,285,1,8
1041,685,2,8
1041,725,1,8
1041,278,1,7
1041,725,1,8
1041,278,1,7
1041,285,2,8
1041,725,1,8
1041,278,1,7
1041,734,1,8
1041,685,3,8
1041,685,1,8
1041,734,1,8
1041,285,1,8
1041,734,1,8
1041,285,2,8
1041,278,1,7
1041,734,1,8
1041,725,1,8
1041,685,3,8
1042,723,1,8
1042,682,1,8
1042,723,1,8
1042,286,1,8
1042,743,1,8
1042,733,1,8
1042,691,1,4
1042,257,1,2
1042,753,1,8
1042,691,1,4
1042,257,1,2
1042,286,1,8
1042,743,1,8
1042,753,1,8
1042,716,1,8
1042,733,1,8
1042,709,1,8
1042,257,1,2
1042,733,1,8
1042,743,1,8
1042,682,1,8
1042,709,1,8
1042,682,1,8
1042,716,1,8
1042,753,1,8
1042,709,1,8
1042,286,1,8
1042,691,1,4
1042,716,1,8
1042,723,1,8
1042,286,1,8
1042,753,1,8
1042,257,1,2
1042,709,1,8
1042,743,1,8
1042,716,1,8
1042,733,1,8
1042,682,1,8
1042,691,1,4
1042,723,1,8
